{
    "profile_name": "Y",
    "description": "",
    "min_horizontal": 1.5524319843380954,
    "max_horizontal": 3.5770887283996675,
    "min_vertical": -1.4395292867409901,
    "max_vertical": 1.5889563294445654,
    "neutral_vertical": 0.18623871379081625,
    "smooth_alpha": 0.2,
    "horizontal_linearization": {
        "type": "linear",
        "slope": 1.0,
        "intercept": 0.0
    },
    "vertical_linearization": {
        "type": "linear",
        "slope": 1.0,
        "intercept": 0.0
    },
    "backend": "rtmpose",
    "neutral_yaw_deg": -2.8094108365734263
}